1;Lorem ipsum dolor sit amet, consectetur adipiscing elit. Pellentesque metus augue, fermentum ac arcu ac, interdum aliquam lectus. Nulla pharetra.;2
2;Nullam tempus, sapien in interdum volutpat, nunc sapien egestas est, dictum volutpat odio urna sit amet arcu. Quisque ut elit non risus dictum imperdiet.;2
3;Mauris non enim rutrum arcu pellentesque ultricies quis at est. Ut vel tortor id sem molestie faucibus. Pellentesque auctor urna at pretium ullamcorper. Ut laoreet vehicula consectetur. Nulla gravida vestibulum tellus, sed suscipit elit molestie at. Aliquam dapibus lectus ut sapien aliquam, vel finibus metus condimentum.;3
4;Nulla convallis non dolor eget iaculis. Nunc vitae lacus in dui volutpat mollis hendrerit a ipsum.;4
5;Pellentesque condimentum lectus lacus, eu rhoncus dui malesuada id. Fusce id feugiat arcu. Suspendisse libero augue, pulvinar euismod consectetur ac, ultricies eu nulla.;10
6;Aliquam auctor nisl a velit interdum, vitae feugiat metus laoreet. Ut sit amet massa sem. Proin sollicitudin dignissim ipsum vitae blandit. Mauris vitae sapien at tortor lacinia tempor sit amet eget urna.;11
7;Sed id luctus nisl, eu bibendum nunc. Proin malesuada, orci et volutpat semper, purus dolor lacinia tortor, eu auctor nisi enim sit amet turpis.;15
8;Ut quis ipsum quis justo vulputate fermentum. Donec sagittis dictum arcu, eu pulvinar orci dictum sit amet. Quisque aliquet fermentum purus, vitae consequat nibh auctor in. Morbi suscipit porttitor metus eget sagittis.;18
9;Um sociis natoque penatibus et magnis dis parturient montes, nascetur ridiculus mus. Proin accumsan sagittis vulputate.;18
10; Fusce dictum a libero sit amet rhoncus. Donec mi diam, semper eu lacinia vel, viverra quis tellus.;18
11;Pellentesque eu auctor ligula. Aenean eget justo ut odio lobortis volutpat eget sit amet erat. Morbi ut mauris ligula. Donec tristique mollis ex id porta. Mauris fermentum pharetra libero vitae viverra.;19
12;hasellus in est est. Vivamus hendrerit, nunc a hendrerit fermentum, nibh mauris porta enim, ac commodo risus elit eget eros.;20
13;Maecenas aliquam rhoncus gravida. Etiam cursus odio orci, in consectetur nisi ultrices ac. Vestibulum ac magna blandit, porttitor justo viverra, venenatis risus.;21
14;Integer consectetur in felis a viverra. Aenean pulvinar enim malesuada justo tristique euismod. Donec suscipit, purus id vehicula pellentesque, nisl nulla rhoncus augue, dignissim pharetra nulla nulla dapibus ex.;25
15;Donec nec nibh arcu. Quisque nec eros ante.;26
16;Maecenas pellentesque tristique magna a dapibus. Pellentesque sem augue, tempor eget sapien vitae, condimentum pellentesque lectus.;26
17;Sed id luctus nisl, eu bibendum nunc. Proin malesuada, orci et volutpat semper, purus dolor lacinia tortor, eu auctor nisi enim sit amet turpis.;27
18;Ut quis ipsum quis justo vulputate fermentum. Donec sagittis dictum arcu, eu pulvinar orci dictum sit amet. Quisque aliquet fermentum purus, vitae consequat nibh auctor in. Morbi suscipit porttitor metus eget sagittis.;28
19;Um sociis natoque penatibus et magnis dis parturient montes, nascetur ridiculus mus. Proin accumsan sagittis vulputate.;28
20; Fusce dictum a libero sit amet rhoncus. Donec mi diam, semper eu lacinia vel, viverra quis tellus.;29
21;Pellentesque eu auctor ligula. Aenean eget justo ut odio lobortis volutpat eget sit amet erat. Morbi ut mauris ligula. Donec tristique mollis ex id porta. Mauris fermentum pharetra libero vitae viverra.;30
22;Maecenas aliquam rhoncus gravida. Etiam cursus odio orci, in consectetur nisi ultrices ac. Vestibulum ac magna blandit, porttitor justo viverra, venenatis risus.;32
23;Integer consectetur in felis a viverra. Aenean pulvinar enim malesuada justo tristique euismod. Donec suscipit, purus id vehicula pellentesque, nisl nulla rhoncus augue, dignissim pharetra nulla nulla dapibus ex.;35
24;Donec nec nibh arcu. Quisque nec eros ante.;35
25;Maecenas pellentesque tristique magna a dapibus. Pellentesque sem augue, tempor eget sapien vitae, condimentum pellentesque lectus.;35