1;admin;qw;silixajit@vyerem.pl;1997-02-01
2;XuSE-igY;1yderuz7k4le2ug4b8gexyfico0amy4y81lowixorohis2k740pusemuha1usiwi;goz2jyjagogy@kilapaji7.pl;1983-08-05
3;nAS28;cacu3ysedus9fed52y4il0z1q2d16ih2lezyb8za8uhi8ir0sijod3fu3ybajefa;muhah@sokegy3ir8.pl;1998-03-19
4;heMi5;beke8iz8rimucylyte6iguki45jiqu2urafex6z27i5idibi6usohykem6ke807e;1eidev7to@fudmidycito.pl;1996-04-23
5;LOSyRUd;5icag4musag2loki8uh3l2jeki8ilidiki7ut70uguxunugifahu5onu0a4o1e0e;uwelac@m1quymulun.pl;1997-02-01
6;laQyg;8ij32opaxo1i9i32n5f5p7butoq9vuhoj2m95eq185s8d20o243ow33i3a4id8h1;3obuubemiq@faqemisajy.pl;1973-10-15
7;rIrokal;xejeluxa1ug9jyq7jic36ulyjizazuwalovepy8ufo386y7ibigah4w84y8o1aju;buaj2w@ra.pl;1992-12-30
8;vOtiQ;ti2esuqa16ned35uwuvaqezukiril66up6vipeputida61cowu4o20ze1ogog1zy;7azovo7ixexefo@sucojod.pl;1989-02-25
9;AZIVic;to13nune2ecibumo4e84ho3enu5ujylulufel0qo0ywibaxijyk3riwev6s2r3c7;halaqjudi@zabe7ar8r0u.pl;1983-08-05
10;Nigu-e;li08taw3hahiba8anibyt6so3ehoxot4r68iqi72j9m2zudiho8isurigesu4oty;nomisetar0he@qanegibohv.pl;1997-02-01
11;cOLopidUnY;fyv2c9ka4o9y33m8nih7juc06uqymisodofezumo7azyzelavexi4i09nizawy2o;faxeme1eduruqejil7catogoju5@zina7.pl;1998-03-19
12;MIdeF;zevy0atijysabynu9om0n18ajybek6nezok83uwe0351fih58in7nuvedunolymo;zedyrelavykitehojo@soz7fij-kugis.pl;1996-04-23
13;miFYvO;r9k70276119e3788945539w4m4160y480785183750201018614939v969402359;sowidomujaduhax3da@ghyu1eq1dah.pl;1997-02-01
14;TyDUXAZY;s5sidu2ade7iwicu95p9x4zix0f30ily3uz2g9cecotepala4ozegoj2nidevewo;fetajy@tel.pl;1998-03-19
15;_UsEz;16giresej5jutu7yl3hado6ymynofi7ihazyvokis3z6s9bamyb2qisixi739y5e;siwicveli@sezosoz.pl;1992-12-30
16;TEVOHoFIZ;cybe1ylesujuhi7u1oxelo6utac8x75izif01yb4wyh9myjo95bo7imepele4ave;qutypikodziwywe@1upabefy6u.pl;1997-02-01
17;PI_ewY;0yfatutuvutet4gefy91fi1yp1raf2bopohij0naxizyvoka09dab7k5z9b6d0qu;zo1ymegy6ifiq7@xunos5rujaze.pl;1998-03-19
18;hyridA.EJ;dah0pa4ywuba4y3o50qacaserokal2x1mabaryvo2a7a5edec8g6hup8hapag6ki;8otykuli@kasonmoxexizy.pl;1973-10-15
19;seGiC;j37arifi6agino0umybyvec239co6e4ovibo1ikypyqubihop0n5pu8abagoh0p0;duzakygcobary@47gyzu6fek2mo.pl;1996-04-23
20;iRaGar;9oq2nyhu99hapyrywy1elo8owy8abisube7ef4tufyc2sy53difa9ixifa5asuc3;tupit3ra@q.pl;1997-02-01
21;V-Nyg;w4begapehorebyxaruco55firy4ih8t36i4ihiqyjo799uk1sot1cirozo05gixy;dumezumaqawuhelymysozofi@kuzigaf.pl;1983-08-05
22;mEJYvAKiL;4o1il9pimobekok6ne2unyzygylehejak8qakiq0qe71hy15sy1i1a5ot1vaxuzy;netyzizawohiz@qzavnaw0qegadu.pl;1998-03-19
23;gYlenoW;daf6k0b37a4y94rozizehamez1v5jipuj0pu0uqimiwi9yvy2y5ynarufozanin4;v3r7@bojoirixab8feva2.pl;1983-08-05
24;2EX6fi;105osuviqecali8is491geke5uk7ma9ymarut2hysyz0gehy9ikymo76gyviqico;by-ycen7viv9n6@n65ipaeruqax.pl;1989-02-25
25;kynoN;835358x8l47778n66402167696x7990630z6l87o6135318345762088262e8234;sefyxizigezifogagonewudyp5j@vyrapubfodico.pl;1997-02-01
26;MoMEQIDAz;j8z499by0okygal4wumy52hife7ahy5yku9a2o6iriryjamotajoneqyp0s2vigi;hi6icyvico@resite7edezywa8ivaxukuq8ju.pl;1992-12-30
27;VICujidIha;517itopeju0o2aw3dy0exas6k2cemyj7dyfe55xal1nykytegixynysi1ihubym5;rojaqupuqufyjobuqihe5ubom@vecyduvyj.pl;1998-03-19
28;CAGoH;q21imif09yf3x1t93yri6o9i3ut94ev5796y50p8motut9duh5w463c336xy922i;noxuwiqa66kycuhoqykynigohad@pojinyvituso.pl;1992-12-30
29;m.vIVykOCE;7ek6g64at1x4f58amatuxymy9ydomiceh8dom6vewydo4y2ysa3ofemipanez9pa;fugyqocotu@gus6tacytudyvete1ofytejosoquv.pl;1983-08-05
30;zEzIB;jy7apuf3kyde90hyfac691mu9utyguzaguwapy1isosum1fy8o542upawyg4kyvo;pyruwovogiwiqy@zozudifyxifis.pl;1973-10-15
31;VOTYKUfI_a;ly1oqoki6upas5vutytuxanen3pywuve38j3h9h9f0v55ufiguly9ud5jut7veko;lataco15dor@l6qypa8iqete7owojybu49.pl;1996-04-23
32;REjujonyC;5ypebote2ukybagikyg2v4hafo2e7at1pyva1oner7pavaj0x0tog61u27zywyte;dywzekefac@zecilyeze94luxa--6yrajatafu.pl;1973-10-15
33;VOhIX;funapeg04ab5sir2giv7feq0zytawej89ijonad46yfe3uhegibesid1b5f3q8re;kegulewavy8ujaxapabes7tyfunu@pozykkavef.pl;1996-04-23
34;pihoHO;jukyqawo1u3ubecu9agidy0ejuz85yducag4c9p926qyfuv4jeziqa5ocy65bepi;q6dyn.pi8id_xovoxu4yzemo0ebi@tucew.pl;1983-08-05